"Reference","Qty","Value","DNP","Exclude from BOM","Exclude from Board","Footprint","Datasheet"
"C1,C4,C5,C6,C7","5","0.1uF","","","","Capacitor_THT:C_Disc_D5.1mm_W3.2mm_P5.00mm","~"
"C3","1",".33uF","","","","Capacitor_THT:C_Disc_D5.1mm_W3.2mm_P5.00mm","~"
"D1","1","LED","","","","Diode_THT:D_A-405_P2.54mm_Vertical_KathodeUp","~"
"F1","1","2A","","","","Fuse:Fuseholder_Cylinder-5x20mm_Bulgin_FX0456_Vertical_Closed","~"
"J1","1","Barrel_Jack_Switch","","","","Connector_BarrelJack:BarrelJack_CUI_PJ-102AH_Horizontal","~"
"J2,J3","2","Conn_02x04_Odd_Even","","","","HW2 folder:Conn_02x04_Odd_Even_MP","~"
"M1","1","Motor_DC","","","","HW2 folder:DC_Motor_MP","~"
"R1","1","10K","","","","Resistor_THT:R_Axial_DIN0309_L9.0mm_D3.2mm_P12.70mm_Horizontal","~"
"R2","1","220","","","","Resistor_THT:R_Axial_DIN0309_L9.0mm_D3.2mm_P12.70mm_Horizontal","~"
"SW1","1","SW_Push","","","","Button_Switch_THT:SW_PUSH_1P1T_6x3.5mm_H4.3_APEM_MJTP1243","~"
"U1","1","LM7805_MP","","","","HW2 folder:LM7805_MP",""
"U2","1","Motion_Sensor_MP","","","","HW2 folder:Motion_Sensor_MP",""
"U3","1","Curiosity_Nano_PIC18F57Q43_MP","","","","HW2 folder:PIC_Curiosity_Nano_MP",""
"U4","1","FAN8011N_MP","","","","HW2 folder:FAN8100N_MP",""
